,m2858,m260,m1196,m1210,m480,m2028,m589,m2571,m1270,m593,m1580,m1198,m608,m2762,m110,m2396,m1197,m527,m1617,m1265,m1097,m2628,m2997,m318,m858,m356,m2716,m296,m1240,m1,m1214,m2916,m457,m3578,m1200,m541,m2987,m1259,m50,m34,m2791,m780,m3175,m1193,m919,m924,m1127,m2355,m1387,m1221,m912,m1036,m1213,m1610,m377,m1291,m2000,m1136,m3114,m1307,m1704,m1721,m1968,m648,m2599,m32,m3793,m2174,m2797,m2918,m2291,m2959,m3471,m590,m1374,m1394,m2683,m592,m1784,m1573,m1304,m3418,m223,m380,m2706,m1225,m1584,m1527,m3481,m1923,m750,m2699,m39,m21,m1393,m2804,m588,m2406,m1220,m733
m2858,,0.7195046673537266,0.7036084646734612,,,0.7246919911236379,,0.7247996432023627,,0.7358460864159471,,0.7130485445824893,0.7446946576342323,0.7307800108684004,,,0.7008985571190373,0.7443739719823776,0.7609372693951981,,,,0.7280099666647449,0.7658889554720192,0.7677556563415013,,,0.7737433944992282,,,,,,,,0.7175291137158941,,0.7076389080996672,0.8067807213004453,,,,,0.7754331276022433,,,,,,0.7351671114201238,0.7131931954953861,,0.7504636219365395,,,,,0.7322669840657747,,,0.7169269041527409,,,,,,,,,0.7147743012972474,,0.7399845440937498,,,,,,,,,,,0.7002400224919287,,,0.7148520784666069,,,,,0.7405434849414889,,,,,0.7093711482677383,,,,
m260,,,0.9093061720534054,0.83337189473509,,0.7691368538096595,,0.7923747116828529,,0.760336572173429,,0.8772579928089339,,0.7928022026377768,0.7577085682975738,,0.7762548473123183,0.7914298505895994,0.7450695528611925,,,,,0.8096801622823916,0.8037456821890387,,,0.7484508877650652,0.7573264325647202,0.7411482405912088,,,0.7350591780893105,,0.7334924949022736,0.74260042290333,,,0.8158371612137231,,,,,0.7468136879705901,0.7443346515285294,,,,,0.7559712085649197,0.7734649228853667,0.742944769154043,,,,0.7787852009421847,,0.7717792527707548,0.7456229788414847,,,,,,,,,,,,,,,,,,,,,,0.7404064706371539,,,,,,,,,,0.768041629540509,,,,,,,,,
m1196,,0.9093061720534054,,0.8546074813011848,,0.7475721061234765,0.7216085685069853,0.7777734515872652,,0.7378467331970392,,0.8490952535566535,,0.7707012261917956,0.7484335262554187,,0.7639866373185611,0.7594796299564757,,,,,,0.7837078628044643,0.7691283055665824,,0.7272014736494645,0.7339164610011777,0.7418004945158925,0.7385261273396602,0.7242794594976254,,0.7385950599627719,,0.7399019179604549,0.7374556205829537,,,0.784988843480503,,,,,,,,,,,0.7551708978978209,,0.7541223706397227,0.7301371740399758,,,0.7783244075338841,,0.7449173398758542,0.7331894788612893,,,,,,,,,,,0.7204643097774399,,,,,,,,,,,,,,,,,,,,,0.7363597201651936,,,,,,,,,
m1210,,0.83337189473509,0.8546074813011848,,,0.7102332778452044,0.6982312332304735,0.7232806488626632,0.6998680926282528,0.6733247854538623,,0.7705685719753199,,0.710202850544931,0.7175957895159616,,0.6986780312459203,0.6942252223557566,,,,,,0.7195333763202307,,0.6887114162402603,0.6993757277851057,,0.6843688515852289,0.6793350449844789,,,0.7121988378074398,0.694489514087459,0.6784567157750366,,,0.6773417059698068,0.702243100714939,,,,,,,,,,,,,0.7043161381956153,,0.7070648809344039,,0.778867867445572,0.671089146640337,,0.6861932210779926,,0.6983315423970295,,,,,,0.6882924931606808,,,0.6675859610940897,,,,,,,,,,,,,,,,,,,,,,,,,,,,,,
m480,,0.6365117984794514,0.6329762569866586,0.6652781642221348,,0.6664098106550091,0.6808568525623696,,0.6610239439682515,,0.638804132333186,0.6518035147452814,,0.6516903371230545,0.6600564989881627,,,,,,0.6411282885515762,,,,,0.6615494072425824,0.6432972217484496,,0.6603244972817415,0.6415448815565469,0.6409273216226505,,0.6895285490354961,0.6626055601915015,0.6625993204027164,,,,,,,0.6574999034586841,,,,,,,0.6868133253308087,,,0.6838828865939585,,0.6694478177179667,0.6301631672480165,0.673165902827088,0.6608776969311404,,,,,0.6289316155278919,,,,,,,,,,,,,,,,0.6323607513598418,,,,,,0.6320868940060017,,,,,,,,,,,,,,0.6280072265888862,,
m2028,0.7246919911236379,0.7691368538096595,0.7475721061234765,,,,,0.7410291050889166,,0.7583527889533997,,0.7946062605581683,,0.7834399056983685,0.7932458126160603,,,0.8213375400500771,0.7243588757606193,,,,,0.799353562168151,0.7887166085853248,0.7858709316128223,,0.7235252465550503,,0.7247366970982196,,,0.7307364111056608,0.7478650017068746,,,,0.7384551876964883,0.772098598480528,,,,,0.7475275005790272,,,,,,0.7531790699693302,0.7261426091229064,0.7370168301614349,0.744902900428605,0.7445940976442716,,0.7400834220847751,,0.7309733834516363,,,0.7470348759482625,,,,,,,,,,,,,,,,,,,,0.734997024594453,,,,,,,,,,0.7244000765083392,,,,,,,,,
m589,,0.7128395588419614,0.7216085685069853,0.6982312332304735,0.6808568525623696,0.697499765289749,,0.7506530752715863,0.7089801215661735,0.6850262126315655,,0.7383450573682901,,0.7008525677466556,0.7165018868872695,,,,,,,,,0.701828463377375,,,0.6754116045217755,0.6866223631875186,0.8098949567811087,0.6888107658548338,0.7272152783226787,,0.7254566772063138,0.6994776819429696,0.7646887672592488,0.6782569969655705,,,,,,,,,,,,,0.690351491751987,0.679021288686352,,0.7753278921505639,0.6840650816640217,0.6790018487819162,,0.7142452501731662,0.7095842839450237,,0.6887763263658304,,,,,,,,,,,0.6831103080302775,,,,,,,,,,,,,,,,,,,,,,,,,,,,,,
m2571,0.7247996432023627,0.7923747116828529,0.7777734515872652,0.7232806488626632,,0.7410291050889166,0.7506530752715863,,,0.7314432805699912,,0.7821046505526332,,0.7811103830225459,0.7529287736842102,,0.7459143414047921,0.7214559753655216,,,,,,0.7755430534768075,0.708280046571375,,,0.7234870446841559,0.7445507879267959,0.7144337960608211,0.7108085802366411,,,0.7506507053307601,0.7438584873723801,0.7459309569254049,,,0.7700490636025703,,,,,,,,,,,,,0.7223473293270485,,,,0.7377374910532641,,0.7462369614308009,0.7220755551207372,,0.713889576804199,,,,,0.7084049653263607,,,,0.7311947018947579,,0.7288522452342828,,,,,,,,,,,,,,,,,,,,,,,,,,,,
m1270,,0.7266297061751803,0.7183683639055046,0.6998680926282528,,0.6786247508419729,0.7089801215661735,0.6759987412013913,,,,0.7588288643610988,,0.7176250096098276,0.7022906040209616,,0.6946841215308261,0.6934689501725866,,0.6738421332988148,0.7013878876942127,,,0.7157271718251947,,0.7042151842710347,0.73255664704805,,0.7064081552359696,0.7300391143172955,,,0.719043783185306,,,,,0.6797173919604278,,,,,,,0.671767651292471,,,,0.675490827106979,,,0.7346015551572003,,0.6754572469842481,,0.7436617364307141,0.6912080757564482,,0.7128779766117765,,,,,,,,,,0.7057874412687986,0.6985509807047224,,,,,,,,,,,,,,,,,,,,,,,,,,0.680529053002538,,,,
m593,0.7358460864159471,0.760336572173429,0.7378467331970392,,,0.7583527889533997,,0.7314432805699912,,,,0.7935226136207738,0.7269058155573203,0.7863804418754502,0.7432921459664881,,0.71797096356865,0.7889729814909963,0.7421578910510596,,,,,0.8159172512711168,0.8128150690444841,,,0.7662091442313671,0.7293683592668976,,0.740942554651963,,0.7272203140378544,,0.7409749837980708,,,,0.8019235273496463,,,,,0.791577714759049,,,,,0.7441113522313937,0.7746742540468716,0.7212230046449335,,0.7561083615775046,,,0.7210195564231274,,0.732119002419652,,,0.7356655437882049,,,,,,,,,,,,,,,,,,,,,,,,,,,,,,0.731476370867313,,,,,0.7233238615624663,,,,
m1580,,0.5981899322078674,0.5928194121941676,0.5977292333192696,0.638804132333186,,0.5988237770809469,0.6223825535285982,0.6108593624143344,,,0.6030077253687742,,0.6174989241001706,0.5935049697759252,,0.6012487146684614,,,,,,,,,0.5915825259373644,0.6447024113459077,,,0.6207523222953898,,,0.6005717850869985,0.6078667713246377,,,0.591966985686676,,,,,0.6631254071651768,0.6131734203940482,,,,,0.5918736045037003,,,,0.5914960312734432,,0.5978274122108475,0.5972638781317726,0.5948322527133951,0.6251514100729525,,0.6095701802715761,,,,,,,,0.6059573214689903,,,,,,,,,,,,,,,,,0.6198956865206801,,,,0.5973786015582753,,,,,,,,,,,,0.6192747506029398
m1198,,0.8772579928089339,0.8490952535566535,0.7705685719753199,,0.7946062605581683,,0.7821046505526332,0.7588288643610988,0.7935226136207738,,,,0.818288323677931,0.7793202021524354,,0.7896875978217308,0.8193041494354416,0.7653971024110533,,,,,0.8385783888091543,0.8216590705280044,,,0.7503970756224164,0.7893156568591988,0.7686838176298443,,,0.7686906937422099,,,,,,0.824837628987307,,,,,0.766256082000478,,,,,0.7530899334629773,0.7698212882277078,0.7808498245714973,0.7936487556184153,0.764897175196771,0.7492378377489199,,0.8186774309728706,,0.7884959578149483,0.7552439996587796,,,,,,,,,,,,,,,,,,,,,,,,,,,,,,,,0.7636050602969624,,,,,,,,,
m608,0.7446946576342323,0.7063154957795269,0.6810018029529766,,,0.6904274882409563,,,,0.7269058155573203,,0.700665628159993,,0.681865134181619,,,0.6814685658048256,0.7180573974960581,0.7472385484464485,,,,0.737282485820822,0.706550287036778,0.769943756422362,,,0.7839575548560392,,,0.7010045227186653,,,,,0.7192216437993543,,,0.758881869382779,,,,,0.7754090275226335,0.6776121882362655,,,,0.6843361119118739,0.7508169831074593,0.7139310525473295,,0.7605895476783344,,,,,0.7298166799014543,,,,,,,0.6956456139380349,,,,,,,,,,,0.7215506343840076,,,,,0.7027389531598832,,,,,0.7086143718026536,,,,,0.8024205982789114,,,,,0.7006838830374935,,,,
m2762,0.7307800108684004,0.7928022026377768,0.7707012261917956,,,0.7834399056983685,,0.7811103830225459,,0.7863804418754502,,0.818288323677931,,,0.7545523192590013,,0.7413794903486711,0.787207751686718,0.7260281604549226,,,,,0.8243205084824747,0.7647066127550075,0.7354710250481469,,0.7294213917969093,0.7468545322068563,0.7289048629374278,0.7293719844064409,,0.7502688874821022,0.740166251928672,0.7258460204045941,,,,0.8030845607939443,,,,,0.7425747137320775,,,,,,0.754118178321989,,0.7409102136079294,,,,0.7604615501494165,,0.7337666931145954,0.7482934975295996,,0.761017979881824,,,,,,,,,,,,,,,,,,,,,,,,,,,,,,,,,,,0.735154663409892,,,,
m110,,0.7577085682975738,0.7484335262554187,0.7175957895159616,,0.7932458126160603,0.7165018868872695,0.7529287736842102,,0.7432921459664881,,0.7793202021524354,,0.7545523192590013,,,0.7199611311091185,0.7596288457225941,,,,,,0.7983426166949955,0.7270953487089084,0.7577353266390736,,,0.7160682069564918,,,,0.7491582309501222,0.7813122666977267,,,,0.7100066569165651,0.7576323771248874,,,,,,,,,,,0.7170926061771732,,0.7544291339611842,0.7362527746989792,0.7459348003955019,,0.7516321846653415,0.7309949389438887,0.7126190945248485,,,0.7331697122698401,,,,,,,,,0.7143604023129018,,,,0.7241371422911678,,,,,,,0.7143066310382558,,,,,,,,,,,,,,,,,,,
m2396,0.6719893755050697,0.6807287380592131,0.6436579812032787,,,,,0.6686234530972487,,0.6489325558067188,,0.6946087078750004,0.6460647585292737,0.6901409780871061,0.6696315674405783,,0.6896566305467907,0.7093729259905998,0.679124754914757,,,,,0.6942117133149528,0.6541408990985296,,,0.6407102881586216,,0.675949413650653,,,,0.6617983751006159,,,,,0.6982304569847959,,,,,0.6675674444453168,0.6408864012348687,,,0.6418075358660416,,,0.6912765811510807,,,,,0.6563042522590686,,,0.6893635689443975,0.7053547307396164,0.6595546836577348,,,,,,,,,0.6590798850054773,,,,,,,,,,,,,,,,0.6826206483082715,,,,,0.6816289005413276,,,,,0.6468227736090955,,,,
m1197,0.7008985571190373,0.7762548473123183,0.7639866373185611,,,0.719392278026339,,0.7459143414047921,,0.71797096356865,,0.7896875978217308,,0.7413794903486711,0.7199611311091185,,,0.7526008250435815,0.7084685586191977,,,,,0.7966070653654422,0.7345338790324347,,,0.7048113410181321,,0.7272416085180187,,,0.703649548460694,,,,,0.7073003370165081,0.7835475801029307,,,,,0.7158821834235729,0.7156857130465251,,,,,,0.7341850595798423,,,,,0.733973560381888,,0.7885810513040987,0.71720465177281,,0.7073870348950998,,,,,,,,,0.7532376130479421,,,,,,,,,,,0.7028420164032927,,,,,0.7065789044769479,,,,,0.7423617629320274,,,,,0.7350874684486477,,,,
m527,0.7443739719823776,0.7914298505895994,0.7594796299564757,,,0.8213375400500771,,,,0.7889729814909963,,0.8193041494354416,,0.787207751686718,0.7596288457225941,,0.7526008250435815,,0.7362331550390113,,,,,0.8467926721229289,0.821178717150764,0.739199859488908,,0.7258003248816056,,0.7332233964420268,,,0.7455948655128334,,,,,0.7486022783985756,0.8056822277257075,,,,,0.795562804920382,0.7406207875817523,,,,,0.7725303585580485,0.7937103309972464,,0.7416382925355092,,,0.7556541537173567,,0.7410128577655888,0.7280853391194986,,0.7686395529583444,,,,,,,,,,,,,,,,,,,,0.7500214017778213,,,,,0.7474540493244441,,,,,0.7750595879257298,,,,,,,,,
m1617,0.7609372693951981,0.7450695528611925,0.7179170540347293,,,0.7243588757606193,,,,0.7421578910510596,,0.7653971024110533,0.7472385484464485,0.7260281604549226,,,0.7084685586191977,0.7362331550390113,,,,,0.7073340725033028,0.7466855428520363,0.7890396505230033,,,0.75397002752471,,,0.7077695037867376,,,,0.7178558915154166,0.7240234318058888,,0.6969936902403189,0.7983569148257404,,,,,0.7598299034329112,,,,,,0.7709889928043117,0.7517729752809565,,0.7576591992050268,,,0.6953725288392479,,0.7273012924333777,,,,,,,,,,,,,,,,,,0.7090328072319645,,,,,0.7279994793922517,,,,,0.6951039894147012,,,,,0.7651575117479005,,,,,0.6963908340513338,,,,
m1265,,0.6564963525632435,0.6525378983875494,,,,0.6619863674480422,0.6808957287357328,0.6738421332988148,,,0.6803379446190607,0.6547792283332967,0.6677491772474736,,,0.6669357512938081,0.6522548972199622,,,,,,0.6725691887307912,0.6525530409970614,,0.6877597839227659,,0.6853695003495901,0.6515136049791994,0.6563037565741278,,,,0.6716414298366732,0.6934460725500675,,,0.6693445336505185,,0.6526271844744681,,,0.6482857745830418,,,,,,0.6552279753715491,,0.6732902836253328,0.6551344057701958,,,0.6597967342249185,,0.6554319126829946,0.6628056237974679,,,,,,,0.648945961732234,,,,0.6510443061393405,,,,,,,,,,,,,,,,,,,,,0.6692096190058333,,,,,,,,,
m1097,,0.6876890599942832,0.6683825657731682,0.6570877123809569,,0.6686052648266668,,,0.7013878876942127,0.6686968765638986,,0.7154670813576429,,0.6612928028864613,0.6565886292975754,,,0.6888349999881261,,,,,,0.6925406335896306,,0.6897847758458816,,,0.6524831552459627,0.7020095780842737,,,0.6478105766436194,,,,,0.6942609278338223,0.6597166550062523,,,,,0.6517257415457881,0.6938647869997197,,,,0.6829134190650965,,,0.6695178325163602,,,,0.6588833256907918,,,0.66478511012084,0.6673474408122743,,,,,,,,,0.6927993694561154,0.6613903481004962,,,0.7170065384499581,0.6456843888796027,,,,,,,0.6570869458836728,,,,,,,,,,,,,,,0.6661368077529406,,,,
m2628,,0.5416404883469151,0.5556372375278523,0.6559946251020163,0.6034337868866941,,,,0.5480276099702164,,0.536003608765767,,,,0.5403649128179089,,,,,,,,,,,0.5517765300147606,0.5350288670138861,,,,,,0.5337576890669861,0.5502869504285264,,,,,,,,0.6095744402935814,,,,,0.5578510161611252,,,,,,,0.5329708608359061,0.5308875007758856,0.5633450313067141,0.5492205890484345,,,,,0.5493263412258618,,0.6121280061040694,,,0.5703875638542935,,,,,,,,,,0.5415034584880132,0.5620328368960031,,0.5569061575794114,,,,0.5314029655070617,0.5655848541498695,,0.5459650899582242,0.5533220075245224,,,,,,,0.5567427276202139,,,0.5306754563055671,,0.5946215534301612
m2997,0.7280099666647449,0.6782166074557999,0.6740744934104369,,,,,,,0.6830187837845039,,0.6671084316127217,0.737282485820822,,,,0.672136358038834,0.6735023534668076,0.7073340725033028,,,,,0.6777138472227527,0.6978222809552382,,,0.7357508996638479,,,0.6646783598166025,,,,,0.733055281783615,,,0.7349632492886062,,,,,0.73344334905714,,0.6625723958535524,,,,0.680467250612435,0.6740200792718719,,0.6958937627709566,,,,,0.6987688732166291,,,,,,,0.726098591668561,0.6981122876249817,,,,,,0.7561334107787601,,,,0.7198509121244312,,,,,,,0.6619456869351312,,,0.6638675804709684,,,0.7178055606779981,,0.7639259482538092,,,,,0.6544626868488429,,,,
m318,0.7658889554720192,0.8096801622823916,0.7837078628044643,,,0.799353562168151,,0.7755430534768075,,0.8159172512711168,,0.8385783888091543,,0.8243205084824747,0.7983426166949955,,0.7966070653654422,0.8467926721229289,0.7466855428520363,,,,,,0.8209427801898982,0.7723322329100762,,0.7497147399546512,,0.7538112286795127,,,0.761751809275714,,,,,0.7854586309886773,0.8487293902503981,,,,,0.8152049965651992,,,,,,0.7831275610797461,,,0.7678462706608922,,,0.773544422104856,,0.7696060964394487,0.7509170714496661,,0.8028752793127321,,,,,,,,,0.7637985165704969,,,,,,,,,,,0.7399449958637865,,,,,,,,,,0.7615302181695229,,,,,0.762857849379667,,,,
m858,0.7677556563415013,0.8037456821890387,0.7691283055665824,,,0.7887166085853248,,,,0.8128150690444841,,0.8216590705280044,0.769943756422362,0.7647066127550075,0.7270953487089084,,0.7345338790324347,0.821178717150764,0.7890396505230033,,,,,0.8209427801898982,,,,0.7917581416412611,0.7223795004846887,,0.7425627045924713,,,,0.7265678515512491,0.7748217018828658,,,0.8389560573841237,,,,,0.8234759241317691,0.7317229904033267,,,,0.7560170588017718,0.923328641814472,0.8024218152418662,,0.8327720507193686,,,,,0.7790849337580696,,,,,,,,,,,,,,,,,,,,,,,0.7845868670614353,,,,,0.7527642578163024,,,,,0.8232798700766026,,,,,0.7545128537371653,,,,
m356,,0.6884510848549659,0.675411497420132,0.6887114162402603,,0.7858709316128223,0.672605623451397,0.688978074376513,0.7042151842710347,0.7012890104604422,,0.7096088572306378,,0.7354710250481469,0.7577353266390736,,,0.739199859488908,,,0.6897847758458816,,,0.7723322329100762,,,,,,0.6970301081749413,,,0.711146059801569,0.7063035279084753,,,,0.6844734403784096,0.6708711308223573,,,,,,,,,,,,,0.6998094039035979,,0.6894170385597055,,0.713454130583032,,,0.6898355961349439,0.6911144862065818,0.7315080662787545,,,,,,,,,0.6764249800503206,,,,0.6738428450227884,,,,,0.6912562563345502,,,,,,,,,,,0.6711686146258986,,,,,,0.7036104557034956,,,,
m2716,,0.712094146450429,0.7272014736494645,0.6993757277851057,,,0.6754116045217755,0.6827712739553674,0.73255664704805,,,0.7389573375797707,,0.6691508562681489,0.6878432578966708,,0.688795423425853,,,0.6877597839227659,,,,0.668119659971019,,,,,0.6903504468719485,0.6706493945508355,0.6910009630674694,,0.6552930945775011,,0.7082505085258842,,0.6605138333876285,0.6527668537663871,0.6680219055253894,,0.6523313082524946,,,,,,,,0.6559274558377445,,,0.716472590785027,,,,0.7037967758922932,0.6768585717857918,0.6736966323177407,0.6923767240373285,,,,,,,,,,,0.68160540950594,,,,,0.6784406422225555,,,,,,,,,,,,,,,,,,,,,,,,0.6857121984175399,
m296,0.7737433944992282,0.7484508877650652,0.7339164610011777,,,0.7235252465550503,,0.7234870446841559,,0.7662091442313671,,0.7503970756224164,0.7839575548560392,0.7294213917969093,,,0.7048113410181321,0.7258003248816056,0.75397002752471,,,,0.7357508996638479,0.7497147399546512,0.7917581416412611,,,,,,0.7085272845708153,,,,0.711033185800466,0.7292354748708061,,0.7100044846397516,0.787050564682015,,,,,0.759994079072909,,,,,,0.7791037846287243,,,0.811574545924473,,,,,0.7386189182776388,,,0.7026148391434207,,,,,,,,,,,0.709961879589514,,,,0.7128942525909626,,,,,,,0.7048959376276294,,,,,,,,0.7620263414256143,,,,,0.7131279752303834,,,,
m1240,,0.7573264325647202,0.7418004945158925,,,0.7200614049038855,0.8098949567811087,0.7445507879267959,0.7064081552359696,0.7293683592668976,,0.7893156568591988,,0.7468545322068563,0.7160682069564918,,0.6884119779219506,0.7009620766323847,,,,,,0.7223952586789155,0.7223795004846887,,0.6903504468719485,0.6953076375237778,,,0.7853340677002867,,0.7245641898569486,,0.76750489611804,0.7498278440283956,,,0.7219922882653809,,,,,,,,,,0.7126518581209405,0.7081690971646601,,0.7890972314159457,0.6974244024481373,,,0.7017363125914244,0.723385268982886,,,,0.6873390515491136,,,,,,,,,,,,0.6916906654679837,,,,,,,,0.7038482349607418,,,,,,,,,,,,,,,,,,,
m1,,0.7411482405912088,0.7385261273396602,,,0.7247366970982196,0.6888107658548338,0.7144337960608211,0.7300391143172955,0.7063221214691665,,0.7686838176298443,,0.7289048629374278,0.6913822107094696,,0.7272416085180187,0.7332233964420268,,,0.7020095780842737,,,0.7538112286795127,0.6912763914925898,0.6970301081749413,,,,,,,0.700978254820555,,0.6925599262296755,,,0.6880425757042382,,,,,,,0.7147083293373506,,,0.7447399390342333,,,0.6993170697270832,0.7152485248528525,,,,0.7224221317275299,,,0.876596926790187,0.6884151564675428,,,,,,,,,0.6904225319016242,0.6887321761594626,,,,,,,,,,,,,,,,,,,,,,,,,,0.7408291151586486,0.7058744067108755,,,
m1214,,0.7218597653891449,0.7242794594976254,,,0.7048959273355884,0.7272152783226787,0.7108085802366411,,0.740942554651963,,0.7477753376152797,0.7010045227186653,0.7293719844064409,0.6898993247312912,,,0.7045482032216983,0.7077695037867376,,,,,0.7209052658512967,0.7425627045924713,,0.6910009630674694,0.7085272845708153,0.7853340677002867,,,,,,0.838900607695951,0.7789878882426371,,,0.7540553837843363,,,,,0.7020690980906128,,,,,0.7727774238841392,0.7420042799047438,,0.7148901028090902,0.6977566818915298,,,,,0.7034392246442922,0.6995219206119063,,,,,,,,,,,,,,0.6971106570841026,,,,,,,,,,,,,,,,,,0.7033262906830735,,,,,0.6926485329241167,,,,
m2916,,,,,0.6099700731692407,,0.6449194646331976,0.6014630609405492,0.5970426748768692,,0.5816154495444634,0.5738221998685217,,0.5747897592388593,0.6168865845989184,,,,,0.5742466942248665,,,,,,0.5932355538499227,0.5856908817492098,,0.6320563269874669,,0.5828282194378323,,0.61636316563551,0.5792258080044226,0.5847163858095145,,,,,,,0.5778862681459715,,,,,,,,,,0.6332895502428221,,0.6015217801805764,,0.5829989926301257,0.6473381960343992,,,,,,,,,,0.5770650893824611,,0.5786815536097616,,,,,,0.5853572452783296,,,,,,,,,0.6401643480518141,0.5921822194839064,,,,,0.5737471386753193,,,,,,,,0.5915399425993855,0.5760952877674397,0.5897937048132085
m457,,0.7350591780893105,0.7385950599627719,0.7121988378074398,0.6895285490354961,0.7307364111056608,0.7254566772063138,0.6988050559506207,0.719043783185306,0.7272203140378544,,0.7686906937422099,,0.7502688874821022,0.7491582309501222,,0.703649548460694,0.7455948655128334,,,,,,0.761751809275714,0.7019612206576195,0.711146059801569,,,0.7245641898569486,0.700978254820555,,,,0.7084776383791533,,,,,0.717025984521415,,,,,,,,,,,0.6913810252972831,,0.7571994723286872,0.6959605556982069,0.7512309503952463,,0.7434530393942842,0.708589048247738,,0.710236710806801,,0.7101518001287617,,,,,,,,,,,,,,,,,,,,0.6947551502499038,,,,,,,,,,,,,,,,,,,
m3578,0.6857447610013003,0.7232286860361259,0.7036388683689963,0.694489514087459,,0.7478650017068746,0.6994776819429696,0.7506507053307601,,0.7099312233783508,,0.7278386093155838,,0.740166251928672,0.7813122666977267,,0.6776671550312297,0.6832979507792615,0.6783937967115006,,,,,0.7342323752982148,0.6765474214218196,0.7063035279084753,,,0.673374520743883,,0.6668833716250291,,0.7084776383791533,,0.6923016655447962,,,0.678041695159573,0.7168299779497297,,,,,,,,,,,,,0.6966120002981123,0.668719531230727,0.707421123512344,,0.7349392026819593,0.6835704085987453,,,,0.6834872571651799,,,,,,,,,0.6843894320837747,,,,,,,,,,,,,,,,,,,,,,,,,,,,,,
m1200,,0.7334924949022736,0.7399019179604549,,,0.7143455787482617,0.7646887672592488,0.7438584873723801,,0.7409749837980708,,0.7483474776185925,,0.7258460204045941,0.7095916448120158,,,0.6916718807737108,0.7178558915154166,,,,,0.7304998413887627,0.7265678515512491,,0.7082505085258842,0.711033185800466,0.76750489611804,0.6925599262296755,0.838900607695951,,,0.6923016655447962,,0.7468911407819826,,,0.7350748555764265,,,,,,,,,,0.7590370956559735,0.7285188362871593,,0.7502608480200862,0.7042754127819741,,,0.6880381964097998,,0.6916240339549976,0.716061527408369,,,,,,,,,,,,,,0.686971385089429,,0.704396845982331,,,,,,,,,,,,,,,,,,,,,,,,,
m541,0.7175291137158941,0.74260042290333,0.7374556205829537,,,,,0.7459309569254049,,0.7113000366735808,,0.7486160521312383,0.7192216437993543,0.7179044490886434,,,0.7007855359328481,0.702923691334113,0.7240234318058888,0.6934460725500675,,,0.733055281783615,0.7135090300067016,0.7748217018828658,,,0.7292354748708061,0.7498278440283956,,0.7789878882426371,,,,0.7468911407819826,,,,0.7696403204250022,,,,,0.745998020605196,,0.7401801266694603,,,,0.7605504857264691,0.7465170573572949,,0.7175770190309216,,,,,0.7536503679369768,,,,,,,,,,,,,,,,,,0.6914985606106714,,,,,0.7152471843354385,,,,,0.7226853352254501,,,,,0.7752204026921987,,,,,,,,,
m2987,,,0.5999326548062142,0.5982881546878078,0.5860706799716916,,0.5933819515608854,,0.6071844872413631,,0.591966985686676,,,,,,0.5917728435185373,,,,,,0.582825910170179,,,,0.6605138333876285,,,0.6285572775009757,,,,,0.5858272104345348,,,,,,0.6038253824840246,,0.6083691988118032,,,,,0.6291716169254358,,,,0.5937924200543971,,,,0.5912858841343454,,,0.6470645411069545,,,,,,,0.5878462284825228,0.5981160546667146,0.6246853791918172,0.5919397449696503,,0.5937921187513227,0.596796323170142,,,0.6047734541637024,,,0.6533707555540779,,,,,0.613577696701614,0.5961392773183161,,,,,,,,,,,,0.5855758368721851,0.6253250389320393,0.5941610497439209,,
m1259,0.7076389080996672,0.7131621152739153,0.7128407778078983,,,0.7384551876964883,,0.6813874364265601,0.6797173919604278,0.7151080908300291,,0.7321312767506256,,0.7147496789701274,0.7100066569165651,,0.7073003370165081,0.7486022783985756,0.6969936902403189,,0.6942609278338223,,,0.7854586309886773,0.7210570348702694,0.6844734403784096,,0.7100044846397516,,0.6880425757042382,,,,,,,,,0.752839298332948,,,,,0.7123552612403928,,,,,,0.6926849321562395,,0.6991076583804943,0.712737660888845,,,0.6797724984718295,,,,,0.7248298752481195,,0.7019747815753052,,,,,,,0.7075990451984706,,,,,,,,,,,,,,,,0.6846758365617458,,,,,,,,,,0.7020598309491394,,,,
m50,0.8067807213004453,0.8158371612137231,0.784988843480503,,,0.772098598480528,,0.7700490636025703,,0.8019235273496463,,0.824837628987307,0.758881869382779,0.8030845607939443,0.7576323771248874,,0.7835475801029307,0.8056822277257075,0.7983569148257404,,,,,0.8487293902503981,0.8389560573841237,,,0.787050564682015,,,0.7540553837843363,,,,,0.7696403204250022,,0.752839298332948,,,,,,0.8136202709635267,,,,,,0.8041841614773935,0.7750723992795694,,0.7954465827170951,,,,,0.7925492466783151,,,0.768727405317872,,,,,,,,,0.7624901582637855,,0.7397973850384796,,,,,,,,,0.752292248199334,,,,,,,,,,0.7792738926979946,,,,,0.7422715892822431,,,,
m34,,,0.6036546494372727,,,,,,0.6072529863944605,,,0.6244038506099919,0.6216873545696313,,,,0.6316290672503907,0.630080264224891,0.6171590292097328,,0.6194658760266243,,,0.6280461810337491,0.6259055929207438,,,0.608185639427517,,0.6787440744730704,0.61823072677652,,,,0.6255810187744041,0.6132351048831391,,,,,0.6173175341130503,,0.6098729074363585,,0.6258353807750663,,,0.6312692063520489,0.6255814895197518,0.622818075114714,0.6424000929735715,,,,,,,,0.6816399945270566,0.6040710961004572,,,,,,,,,,,,,,,,0.6066930191912138,,,,,0.6383614716335854,,,,,0.6372418039972346,,,,,0.6128536754063965,,,,,0.6427148287193122,0.6065142856609418,,,
m2791,,0.6963636171387646,0.6922268848256153,,,0.667077198503425,,,0.6595982148325826,0.6521187420373467,,0.6920507996950671,,,,,0.6567486818726398,0.6533116767848428,0.6676564222454052,0.6526271844744681,,,,0.6583158114088166,0.705054824427366,,0.6523313082524946,0.6784193182811379,,,0.6698937928310417,,,,0.6788057143123349,,,,0.6737335294285406,,,,,0.6523568543423076,0.6603579041352134,,,,0.6852394447005093,0.6822210781217721,,0.6772521195277903,0.6763543465439802,,,,,0.7215792617916744,0.6562570747473878,,,,,,,,,,,,,0.6540450464693488,,,,,,,,,,,,,,,,,,0.6623842202712469,0.6815473248320675,,,,,0.6806490159503817,,,0.6700268047580789,
m780,,,,0.5657179925431988,0.6574999034586841,,,0.5605429667089923,0.5536112959532598,,0.6631254071651768,,,,0.5632444567016283,,,,,,,0.6095744402935814,,,,0.589445468856078,,,,,,0.5778862681459715,0.5680883451235559,0.6051205389653371,,,,,,,,,,,,,0.5696010428609445,,,,,0.583537636809755,,0.5666247153629217,0.6422572848340471,0.5770013290015087,0.6310038683889728,,,,,0.629044365195724,,0.6434899940459612,,,0.5747844202821304,,0.5586912536436398,,,,,,,,0.5936938778519036,0.5825292669513801,,0.5945555718656278,,,,0.6516844235317402,0.6081324763237645,,,0.5923446970173828,,,,,,,0.5649107436682657,,,0.5867670706866236,,0.6981807855785919
m3175,,0.6365467663537376,0.6312416451074587,0.6007142933219709,,,0.5868910887870415,0.6032787961274826,0.598647881095762,,0.6131734203940482,0.6119392826006833,,0.5951298443435302,,0.5951874374046127,0.6314241599303586,,,0.6108586686776337,,,,,,,0.5981718138544835,,0.596402520138797,0.6434211926469866,,,,,0.6078332555767166,0.6038171717487014,0.6083691988118032,,0.5894364297551288,0.6098729074363585,0.5882466894008462,,,,,,,0.6172903017866549,,,,0.5994218648560862,,,,0.6155936005051758,,0.6065733124147679,0.6598957951786432,,,,,,,0.6053484910152708,0.6483415456371335,,,,,,,,0.61866996395878,,,,,,,,,,,,,,,,0.6030609677574172,,,,,,,,,
m1193,0.7754331276022433,0.7468136879705901,,,,0.7475275005790272,,,,0.791577714759049,,0.766256082000478,0.7754090275226335,0.7425747137320775,,,0.7158821834235729,0.795562804920382,0.7598299034329112,,,,0.73344334905714,0.8152049965651992,0.8234759241317691,,,0.759994079072909,,,,,,,,0.745998020605196,,0.7123552612403928,0.8136202709635267,,,,,,0.7060572658944798,,,,0.705893507358652,0.8104605330011694,0.7760597349684958,,0.7903467029404696,,,,,0.7559301356232893,,,0.7100257712467433,,,,,,,,,,,0.7064405108689169,0.705586044591956,,,,,,,,0.7731556540140196,,,,,0.7403550128655623,,,,,0.7828753153371284,,,,,0.7060771206931185,,,,
m919,,0.7443346515285294,0.7087968146701249,,,0.6656970446287731,,,0.671767651292471,0.7004673575424665,,0.7466108589582116,0.6776121882362655,0.7135411679941839,,,0.7156857130465251,0.7406207875817523,0.6687510894656727,,0.6938647869997197,,,0.7174119667985802,0.7317229904033267,,,,0.6747848799353927,0.7147083293373506,,,0.685715153041494,,,0.6798065437690471,,,0.7189089899803179,,,,,0.7060572658944798,,,,,0.6726077853418984,0.6906856876231753,0.7589250602003497,,,,,,,0.6956630164072902,0.7177414553332441,,,,,,,,,,,0.6734155060815796,,,,,,,,,,,0.6926561387379186,,,,,0.7111012209692822,,,,,0.7072548317851881,,,,,0.7103202560069903,,,,
m924,0.6527080696988309,0.6451986916443405,0.6296212861950518,,,,,0.6204617805895852,,0.6537740307494657,,0.6342387135867592,0.6764841440529592,,,,,0.6221763518284201,0.6382727084648466,,,,0.6625723958535524,0.6192485893986921,0.7132605575013664,,,0.6466843048103932,0.619691055577194,,0.676966687804931,,,,0.6471103442059707,0.7401801266694603,,,0.6538088598778817,,,,,0.675070403293532,,,,,,0.6972723540458533,0.6747817105607408,,0.6841622996820302,,,,,0.6570323245305099,,,,,,,0.625223914477301,,,,,,,,0.6800429168097519,,,0.636619698212932,,,,,0.6425274286652675,,,,,0.6632095664448815,,,,,0.7750502627627531,,,,,,,,0.6326624100221012,
m1127,,,,0.6061543495723585,0.6197837474240254,0.5926135700530506,0.6452623160840736,0.6256315059590078,0.6096894149073184,,,,,,0.5957388524228575,,,,,0.6072235999037194,,,,,,0.598983002296051,0.5970316788167824,,0.6034660455703833,,,,0.5936538319613988,0.6111443198460584,0.6177570706473152,,,,,,,,,,,,,,,,,0.6027143550545335,,0.6316476072764842,,0.6262376334620052,0.6047708038339552,,0.59286571658064,,,,,,,0.5966908587504731,0.6038217908805146,,,0.6064577783993714,,0.5907767045061146,0.5966783925274323,,0.597783880026618,,,0.5998524400698901,,,,,,0.6012486545634415,,,0.5892223465108981,0.6013085039247424,,,,,,,,,,,,0.6137303587004285
m2355,,0.6663035737619136,0.6680108200584391,0.6471826610081551,,,,0.6406974598148156,0.6472774923460348,,,0.6526021763828395,,0.643538913490258,0.6480066546964658,0.6418075358660416,0.6627744254453777,0.6546692625342395,,,,,,,,0.6385345992721414,0.6421859277794598,,,0.7447399390342333,0.6399550895418423,,,0.6349937217309234,0.6534533091062099,,,0.6393449287650566,0.6347353626498402,,,,,,0.6535549050473004,,,,,,0.6403814945828812,,,,,0.6619783392035541,,0.6373009565788632,0.7591716379725246,0.6463073332792232,,,0.6443878842980846,,,0.633871175103009,,,,0.6369969424846063,,,,,,,,,,,,,,,,,,,,,,,,,,0.6400833828554375,0.7007914624642506,,,
m1387,,0.716913961463774,0.7034347017184936,,0.6868133253308087,0.7136265610461792,0.690351491751987,,,0.7441113522313937,,0.7530899334629773,0.6843361119118739,,,,,0.7198020776733091,0.6912868183096913,,0.6829134190650965,,,0.721129084358035,0.7560170588017718,,,0.7017180357532736,0.7126518581209405,0.6854783267578082,0.7727774238841392,,0.6862188203394367,,0.7590370956559735,,,,0.7039730886937323,,0.6852394447005093,,,0.705893507358652,,,,,,0.7359767727747005,,0.7272333524980272,0.7128936175630064,,,,,,0.6997329398025585,,,,,,,,,,,,,,0.7379234873885505,,,,,,,,0.7124196060446584,,,,,,,,,,0.6905899671784345,,,,,0.722987114851558,,,,
m1221,0.7351671114201238,0.7559712085649197,0.7551708978978209,,,0.7531790699693302,,,,0.7746742540468716,,0.7698212882277078,0.7508169831074593,0.754118178321989,0.7170926061771732,,0.6937497243884334,0.7725303585580485,0.7709889928043117,,,,,0.7831275610797461,0.923328641814472,,,0.7791037846287243,0.7081690971646601,,0.7420042799047438,,,,0.7285188362871593,0.7605504857264691,,,0.8041841614773935,,,,,0.8104605330011694,,0.6972723540458533,,,0.7359767727747005,,0.7625902561971314,,0.8469852203451789,,,,,0.7526743780388302,,,,,,,,,,,,,,,,,,,,,,,0.7492035741615515,,,,,0.719252248125434,,,,,0.7940292902487578,,,,,0.7173209667319466,,,,
m912,0.7131931954953861,0.7734649228853667,0.7183654515422485,,,0.7261426091229064,,,,0.7212230046449335,,0.7808498245714973,0.7139310525473295,0.7221681112239483,,0.6912765811510807,0.7341850595798423,0.7937103309972464,0.7517729752809565,,,,,0.7315854884344529,0.8024218152418662,,,0.700262465896421,,0.6993170697270832,0.6828052768932773,,,,,0.7465170573572949,,,0.7750723992795694,,,,,0.7760597349684958,0.7589250602003497,,,,,0.7625902561971314,,,0.7076246156369128,,,,,0.732751009262463,0.7018179860527383,,0.684933383519208,,,,,,,,,,,,,,,,,,,,0.7666319709498659,,,,,0.714685898827004,,,,,0.8097335435187664,,,,,0.6888046075023659,,,,
m1036,,0.742944769154043,0.7541223706397227,0.7043161381956153,,0.7370168301614349,0.7753278921505639,0.7223473293270485,0.7346015551572003,0.7068038054609873,,0.7936487556184153,,0.7409102136079294,0.7544291339611842,,,0.7255780247643644,,,,,,0.7396505512863474,0.7099407208951629,0.6998094039035979,0.716472590785027,,0.7890972314159457,0.7152485248528525,0.7148901028090902,,0.7571994723286872,0.6966120002981123,0.7502608480200862,,,0.6991076583804943,0.7161057765620514,,,,,,,,,,0.7272333524980272,,,,,0.7254043388089743,,0.7365922991116571,0.7815084628817545,,0.7325638783425554,,,,,,,,,,,0.7121028562816218,,,,,,,,,,,,,,,,,,,,,,,,,,,,,,
m1213,0.7504636219365395,0.728441968685379,0.7301371740399758,,,0.744902900428605,,,,0.7561083615775046,,0.764897175196771,0.7605895476783344,0.700934404731182,0.7362527746989792,,,0.7416382925355092,0.7576591992050268,,,,,0.7678462706608922,0.8327720507193686,,,0.811574545924473,,,0.6977566818915298,,,,0.7042754127819741,0.7175770190309216,,0.712737660888845,0.7954465827170951,,,,,0.7903467029404696,,,,,0.7128936175630064,0.8469852203451789,0.7076246156369128,,,,,,,0.7245424553086497,,,0.7007752278249777,,,,,,,,,,,,,,,0.7030999112984971,,,,,0.7237910895430071,,,,,0.70828378426168,,,,,0.7585594766091788,,,,,0.7131236533161596,,,,
m1610,,0.7327622573367822,0.707199273799269,0.7070648809344039,,0.7445940976442716,0.6790018487819162,0.6938987451365396,0.6754572469842481,,,0.7492378377489199,,0.6922976299198231,0.7459348003955019,,0.6773713722607347,0.7244779666318695,,,,,,0.7281927453962524,0.6927015256449686,0.6894170385597055,,,0.6866512835853384,0.6774344328730542,0.6744051193719365,,0.7512309503952463,0.707421123512344,,,,,0.7053110658786309,,,,,0.6837578222788329,,,,,,,0.6743452174265412,0.7254043388089743,,,,0.7031099029318482,0.6950410691613804,0.6810238231633278,0.6859007469654286,,0.6949926977158173,,,,,,,,,,,,,,,,,,,,0.7046326621340331,,,,,,,,,,,,,,,,,,,
m377,,,,,0.6301631672480165,,0.5927838263104526,,0.612652306079342,,0.5972638781317726,,,,,,,,,,0.5676865824459754,,,,,0.5666775676174495,,,0.5751759465039474,0.5708540004299594,,0.5736103651613499,0.606029954557396,0.577429561063717,,,,,,0.5775859065001113,,0.6422572848340471,,,,,0.5810965319394513,,,,,0.6278070704952493,,0.5615348327231652,,,0.6076912746306471,,,,,0.6395185712839718,,0.5865331207742247,,,,,0.6095130762761505,,,,,,0.565521902925473,,,0.5678850066589525,,0.6159652982475339,,0.5607678002066229,,0.6123860389266687,0.561090894847132,,,,,,,,0.5934497127700539,,,,0.5861015286821394,0.6068522800639022,,0.6353360969191668
m1291,,0.7787852009421847,0.7783244075338841,0.778867867445572,,0.7400834220847751,0.7142452501731662,0.7377374910532641,0.7436617364307141,0.7210195564231274,,0.8186774309728706,,0.7604615501494165,0.7516321846653415,,0.733973560381888,0.7556541537173567,0.6953725288392479,,,,,0.773544422104856,0.7024233139505391,0.713454130583032,0.7037967758922932,,0.7017363125914244,0.7224221317275299,,,0.7434530393942842,0.7349392026819593,,,,,0.7363137639522468,,,,,,,,,,,,,0.7365922991116571,,0.7031099029318482,,,0.7031175523533274,0.7105953266759814,0.7094837492071729,,0.6982034449339287,,,,,,,,,0.7013617376179471,,,,,,,,,,,,,,,,,,,,,,,,,,,,,,
m2000,,0.6557746686121483,0.6584525747126891,0.671089146640337,0.6608776969311404,0.6767850661586589,0.7095842839450237,0.6753997739286418,0.6912080757564482,,,0.7028600096649273,,0.6846671623368509,0.7309949389438887,,,,,,,,,0.6597654707985912,,0.6628627957400843,0.6768585717857918,,0.723385268982886,,0.6509434637029433,,0.708589048247738,0.6835704085987453,0.6649069170980058,,,0.6525064471181472,,,,,,,,,,,0.6544240153341939,,,0.7815084628817545,,0.6950410691613804,,0.7031175523533274,,,,,0.6502120969938687,,,,,,0.6575656735447222,,,0.6612859536333299,,,,,,,,,,,0.6568134263903984,,,0.6595347994744222,,,,,,,,,,,,,,,,0.6525553445960331
m1136,0.7322669840657747,0.7717792527707548,0.7449173398758542,,,0.7309733834516363,,0.7462369614308009,,0.732119002419652,,0.7884959578149483,0.7298166799014543,0.7337666931145954,0.7126190945248485,,0.7885810513040987,0.7410128577655888,0.7273012924333777,,,,,0.7696060964394487,0.7790849337580696,,,0.7386189182776388,,,0.7034392246442922,,,,,0.7536503679369768,,,0.7925492466783151,,0.7215792617916744,,,0.7559301356232893,,,,,,0.7526743780388302,0.732751009262463,,0.7245424553086497,,,0.7105953266759814,,,,,,,,,,,,,,,,0.7408007686999377,,,,,,,,,0.71326536054124,,,,,0.7009830329245019,,,,,0.7903409407428041,,,,,0.7387262841418085,,,,
m3114,,0.7456229788414847,0.7331894788612893,,,0.7216768266853594,,0.7220755551207372,0.7128779766117765,0.7130887041331955,,0.7552439996587796,,0.7482934975295996,,,0.71720465177281,0.7280853391194986,,,,,,0.7509170714496661,0.7210973082686274,0.6898355961349439,0.6923767240373285,,,0.876596926790187,0.6995219206119063,,0.710236710806801,,0.716061527408369,,,,0.7265102201382322,,,,,0.6975001903066786,0.7177414553332441,,,0.7591716379725246,0.6997329398025585,,0.7018179860527383,0.7325638783425554,,,,0.7094837492071729,,,,,,,,,,,,,,0.6911107828247636,,,,,,,,,,,,,,,,,,,,,0.7247718869828474,,,,,0.7153087455774184,0.6928228523975477,,,
m1307,,0.6628696549748982,,,,0.6624855026042163,,0.6577337510609786,0.6630074885240017,0.653218313189655,,0.695686709393825,,0.6824319391942967,0.6638715073342505,0.7053547307396164,0.6879020350142657,0.6975578849343225,,,0.6673474408122743,,,0.7380067388579367,0.6605586791638935,0.6911144862065818,,,,0.6884151564675428,,,0.6779749456100349,,,,,0.6752190313076467,0.696507406606126,,,,,,,,,,,,0.6623801054146876,,,0.6593017418535203,,0.659048955117976,,,0.6707885753650205,,0.692055310334172,,0.662716287261408,,,,,,0.7051572090229564,0.676365386286517,,,,,,,,,,,0.6693741926755814,,,,,0.6596533625190116,,,,,,,,,,0.6762213191067057,,,,
m1704,0.7169269041527409,0.7256837014769137,0.711252034915487,0.6983315423970295,,0.7470348759482625,,0.713889576804199,,0.7356655437882049,,0.7386056578728057,,0.761017979881824,0.7331697122698401,,0.7073870348950998,0.7686395529583444,,,,,,0.8028752793127321,0.7166458824721705,0.7315080662787545,,0.7026148391434207,0.6873390515491136,,,,0.7101518001287617,,,,,0.7248298752481195,0.768727405317872,,,,,0.7100257712467433,,,,,,0.6883561555827022,,0.6959628594143608,0.7007752278249777,0.6949926977158173,,0.6982034449339287,,,,0.692055310334172,,,,,,,,,,0.729736024173848,,,,,,,,,,,0.6856841026810848,,,,,,,,,,,,,,,0.6962823106586611,,,,
m1721,,,,,0.6289316155278919,0.5846366023627025,0.567310469994715,,0.585702548546312,,,,,0.5657579220395326,0.5817089144735426,,,0.5659519401498758,,,0.5921352182794032,,,,,0.6454234968810105,,,0.5723800836769635,0.5610789599653725,,,0.5660509955898894,0.5801382805738524,,,,,,,,0.629044365195724,,,,,0.5566094406431031,0.5559582219960096,0.559996564820491,,,0.608908732462239,,0.5661606991125874,0.6395185712839718,,0.6182534316362461,,,0.5632103369183119,,,,,,,,,0.5940678726778121,,,,,0.6421963516821425,,,,,0.5664961773492261,,,,,0.5766918049147034,,,,,,,,,,,0.6176864923923914,,0.5924249921799754,0.5990928841429436,,0.5750499379791072
m1968,0.6474934423196086,0.6567899834479892,0.6540317516583092,0.6402963370787019,,,,0.658339263181063,0.6459715074727123,0.6514792683177588,,0.6381078461698892,,0.6667645269255812,0.6690756395426122,,0.6621898804040145,,,,0.629099390618132,,,0.6826315277251099,,0.6262155202742664,,0.6453081198838312,,0.6614821013396492,,,,,,,,0.7019747815753052,0.6763711414900928,,,,,,,,,0.6443878842980846,,,,0.6415764065593598,0.6533443762916602,,,0.6272339074806679,,,0.6427846108279546,0.662716287261408,0.6750709079913644,,,,,,,,,0.7427149689392355,,0.6573342068823653,,,,,,,,,,,0.6627491613635923,,,,,,,0.6268198797291904,,,,,,0.641192370297464,,,,
m648,,,,0.5266255030659113,0.5695603571191274,,,0.5268744602922383,,,0.5801757264835727,,,,,,,,,,,0.6121280061040694,,,,0.527436461622927,,,,,,0.5312167181704626,0.5198684387205473,0.5490709646467935,,,,,,,,0.6434899940459612,,,,,0.5409047149098536,,,,,,,0.5405116740007612,0.5865331207742247,0.5430140273268379,0.5335130476296919,,,,,0.547153918388391,,,,,0.5370217190786122,0.521775853917501,,,,,,,,,0.5611092993504152,0.5711715020447223,,0.5836647845639752,,,,0.5660399370022389,0.5597528763923468,,0.5265813190734593,0.5511308719202692,,0.5343884391713674,,0.535682255931571,0.5383771532003981,,0.5308496690325069,,,,,0.5522672329020276
m2599,0.6955908971931615,0.6125917785305199,,,,,,,,0.6502246119297017,,,0.6956456139380349,0.6210774955928966,,,,0.635153746833626,0.6581701129515478,,,,0.726098591668561,0.6333522037553904,0.6746634250136101,,,0.6854906776587668,,0.629739673038386,0.6384517149471274,,,,,0.6418467856655874,,,0.6839444466128541,,,,,0.6587162041893324,,0.625223914477301,,,,0.6616764212198841,0.6234466658464277,,0.6849206726589265,,,,,0.6125580206703117,0.6130712793382124,,,,,,,0.6510704214403475,,,,0.6416046987026112,,0.6398030072524755,,,,0.6732895101280061,,,,,,,,,,0.6268814756643185,,,0.6588961584392605,,0.7106693272897853,,,,,0.6434667683725315,,,,
m32,0.6670391740052339,0.6771701483578737,0.6775165772609248,,,,,0.7084049653263607,,0.6497436604624288,,0.6690232868854347,0.6716292334377606,0.652416144434847,,,0.6839553499414106,,0.682791716864609,0.648945961732234,,,0.6981122876249817,0.6709298668473586,0.6583835442652709,,,0.6708866643226798,,0.6458193776853497,0.6471601437877226,,,,,0.6852994947586672,,,0.702606271864329,,,,,0.6620166087305795,,,,,,,,,0.6571262992156637,,,0.6470663414178429,,0.6899008951335848,,,,,,,0.6510704214403475,,,,,0.6563122992705158,,0.7434958174360553,,,,0.6666488482033315,,,,,,,0.6753824693343872,,,,,,0.6551388291997899,,0.7061966778284403,,,,,,,,,
m3793,,0.6637959827050446,0.6832574730398033,0.6882924931606808,,0.6296398188335003,0.6376813257885742,0.6729583602826327,0.6312129048648032,0.6216687880893919,,0.6667752973799119,,0.6783163325672027,0.6223445435532748,,0.6435187133044228,,,,,,,,,,0.643975118225052,,0.6265800365585885,0.6331626643829654,,,0.6329482599568316,0.6548046149196749,0.6597433374810716,,,,0.6272140746233785,,,,0.6483415456371335,,,,,,,,,0.630941220004076,,0.6233251495199787,,0.671134420518438,0.6575656735447222,0.6315899245000532,0.6612340676053189,,,,0.6253162493937809,,,,,,,0.6399576451363004,,,,,0.6203254981907073,,,0.6528864019842368,,,,,,,,,,,,,,,,,,,,,,
m2174,,,,,,,0.5510016601848562,,0.5657901234328084,,0.5728936144638946,,0.5477792305145079,,,0.5506237985409771,,,,0.5774358950126692,,,0.5812068402174752,,,,0.6215363850703738,,,,0.5586584147349658,,,,0.5796355666283055,0.5877139722373051,0.6246853791918172,,,,0.5662048736730299,,,,,,,,,,,,0.5520371519040886,,,0.5489913148796074,0.561193605398836,,,,,,0.5671361053834648,,0.5493111755885252,0.5742251061569277,,,0.5578846503544226,0.5739714555024082,0.6360399598557334,0.5632750246494331,0.5745652264784593,,,0.5848088365148093,,0.6120246478575563,,,,,0.5684725931945197,,,,,,,,,,0.5483796741724549,,,0.5476611137615757,,,0.5609584977201569,
m2797,,,,,,0.6500030676764385,0.6281576404494211,,0.7057874412687986,,,0.6453216688620401,,0.6445814096591453,0.6282597771050838,0.6274837220105589,0.6458857294520619,0.6438716402772753,,0.6427736604838921,0.6927993694561154,,,0.6670561959070073,,0.6667417044092979,0.6348365194963232,,0.628930826915904,0.6904225319016242,,,0.6819760852058894,,,,,0.6672955157606881,,,,,,,0.622622696065158,,,,,,,0.6703735657783263,,,,0.629501629438972,0.6395749663681517,,0.6766446292348758,0.7051572090229564,0.6318197367442804,,,,,,,,,0.6520104675948509,,,0.6425014031959633,,,,,,0.6235168806925101,,0.6368949194482936,,,,,,,,,,,,,,,0.6217807213354672,,,,
m2918,0.7147743012972474,0.7262633379876163,0.7204643097774399,,,0.6973589307923738,,0.7311947018947579,0.6985509807047224,0.7042416863778875,,0.7342174115378349,,0.721423333106901,0.7143604023129018,,0.7532376130479421,0.6970786214163863,,,,,,0.7637985165704969,0.6902155899475121,,,0.6999425740486259,,0.6887321761594626,,,,0.6843894320837747,,,,0.7075990451984706,0.7624901582637855,,,,,,,,,,,,,0.7121028562816218,0.687617550890042,,,0.7013617376179471,,0.6835346401888248,0.6911107828247636,,0.729736024173848,,0.7427149689392355,,,,,,,,,0.7028106537472975,,,,,,,,,,,0.6867059022367747,,,,,,,,0.6945789795272393,,,,,0.7040044516473041,,,,
m2291,,,,,,,,,,,,,0.6061281790012587,,,,0.5524729632022523,,,,,,0.6138361488661551,,,,0.5534009333357577,0.5556695086966393,,,0.5730784472789664,,,,0.5649680276200753,0.575779472846553,0.5937921187513227,,0.5611165899357774,,,,0.5676411412889989,0.554156078119757,,,,0.5558233833548054,,,,,,,,,,0.5689628652673222,0.5627338855507753,,,,,,0.5660902140853741,0.6220179807862187,0.5512750112026068,0.6360399598557334,,,,0.5900771350648981,0.5599267115296271,,0.5708708513852434,0.5852883133919626,,0.6136702768820854,,,,0.5627519252879933,0.5673500651272237,,,0.573407090673294,,,0.5834155694117809,,0.5683584863461988,,,0.5808234374762563,,,,,,
m2959,0.7399845440937498,0.681196056573453,0.7022202277779922,,,0.665807863117713,,0.7288522452342828,,0.7027676271179779,,0.6817855934831446,0.6643785128516122,,0.6913014724298454,,0.6992534107754251,,0.6889073992747468,,,,0.7561334107787601,0.6948377798151241,0.6891542986424797,,,0.709961879589514,,,0.6663206182690756,,,,,0.6783921696115637,,0.672390106672739,0.7397973850384796,,,,,0.7064405108689169,,,,,,0.6767279097250463,,,0.6726721323901279,,,,,0.7408007686999377,0.6640003567529708,,,,,,,0.7434958174360553,,,,0.7028106537472975,,,,,,0.6960712918038764,,,,,,,0.6863045976124963,,,,,,,,0.7106400664867037,,,,,0.6634992197096045,,,,
m3471,,0.7177835173484217,0.6983513003470025,,,0.6931903421913952,,0.6904206437454278,0.6650438862251434,0.7020081485620491,,0.7215257902851024,,0.6962791507653564,,,,0.6913651832444074,0.6726878575977026,,0.7170065384499581,,,0.7067172345113449,0.6888640428501493,,,0.6669391523931253,0.6916906654679837,,0.6971106570841026,,,,0.686971385089429,0.6894710068952191,,,0.7246549361144244,,,,,0.705586044591956,0.6652750674122171,0.6800429168097519,,,0.7379234873885505,0.6789572555942647,,0.6691995521502923,,0.6704428462443044,,,,0.6648251557201172,,,,,,,,,,,,,,,,,,,,,,,0.6895936912082721,,,,,,,,,,0.6953361677534328,,,,,0.677165530483606,,,,
m590,,0.6323761339427003,,,,0.713203196834547,,,0.6300497075852471,0.6372732936924888,,0.6475039822807641,,0.6637811041466626,0.7241371422911678,0.6301610163157281,,0.718135570977103,,,0.6456843888796027,,,0.6911629434484164,0.6394575027386487,0.6738428450227884,,,,,,,0.6405181042961134,0.6559725811354049,,,,0.6302897209233467,,,,,,0.6331474718443344,,,,,0.6317725527424499,,,0.6605453044204872,0.6341875925855999,0.6469443712435746,,0.636561608246665,0.6322056716142388,,,0.631210686797821,0.6760857263576382,0.6421963516821425,,,,,,,,,,,0.6491210018157452,,,,,,0.656126097846398,,0.640781471224915,,,,,,,,,,,,,,0.6354187226752391,,,,,
m1374,,0.6751774519870406,0.6996633829431529,0.6457515311186136,,0.6249902450633406,0.6733785409178252,0.6442061807806096,0.6646621828812758,,,0.6835682955629795,,0.6315982046437316,0.6475543448748637,,0.6447023340437421,,,,,,,0.6356071891035774,,,0.6784406422225555,,0.6848233264639428,0.6569768287997728,0.659885709118493,,,,0.704396845982331,0.6451245068377188,,,,,0.6306741491400849,,,,,,,,0.6449530422915353,0.6316004472645012,,0.6714134905498863,,0.6620403099293837,,0.6452877967852774,0.6383051005236546,,0.6668487092601969,,,,,,,,,,,,,,0.6385269388700829,,,,,,,,0.6360588927300551,,,,,,,,,,0.6394990411014687,,,,,,0.6282050996508725,,,
m1394,0.6855290732493521,0.653379977033989,,,,,,0.6653969709970488,,0.6602411679846412,,0.6616217864295286,0.7215506343840076,,,,0.672360318062965,,0.7090328072319645,,,,0.7198509121244312,0.6865667938633873,0.6916561754954822,,,0.7128942525909626,,,0.6603715176908609,,,,0.6655508250489626,0.6914985606106714,,,0.7166828739498403,,,,,0.6916146189523249,,,,,0.6514680950142486,0.6740555801417797,0.6610864149572752,,0.7030999112984971,,,,,0.6976544442198642,0.6509675284388551,,,,,,0.6732895101280061,0.6666488482033315,,,,0.6821166296448262,,0.6960712918038764,,,,,,,,,,,,,,,,,0.6487058496230468,,0.7340602212259763,,,,,0.6962658192396949,,,,
m2683,,,,0.5210402356110594,0.5271784565741303,,,0.5214125973501179,,,,,,,,,,,,,,0.5415034584880132,,,,0.5302925667527092,0.5282125852764122,0.5177767799260481,,,,,,0.5429657534692365,,,0.5329720248535725,,,,0.5557519374829575,0.5936938778519036,,,,,,0.5284661349699789,,,,0.5127375548444076,,,0.5213877657395273,,0.5197928484353649,,,,,0.5370510010982902,,0.5611092993504152,,,0.5543084700583275,0.5230325724740083,,,,0.5157400799137837,,,,,,0.5203062236945823,,0.5367377059296783,,,0.5478003101196405,,0.6299063990696137,,,0.5296873357205741,,0.6150632580748773,,0.5438901974683188,0.5146549611909287,,,,,,0.5434425139648241,0.54135012064848
m592,,,0.6139259879486965,0.6264772925055571,0.6323607513598418,,0.6163813802991368,0.6224706049721885,0.6031934068958281,,,,,,0.6145318651528148,,,,,,,,,,,,0.6499621630380916,,0.5914598919220112,,,,0.5886582712501832,0.6206283787651753,0.6139920690800391,,0.6533707555540779,,,,,,,,,,0.5998524400698901,0.5940821660410096,,,,0.6386225530965627,,,,0.6458342526035608,0.6365531941367556,,,,,,,,,0.6011386475923968,0.6528864019842368,0.6120246478575563,0.5893836501079408,0.6016032628002029,0.6136702768820854,0.6046913512757293,,,0.6107309652787671,,,,,,,,0.5922332152733071,,,,,,,,,,,,,,0.5959690679688772,0.6090637649073305,,0.6017561524678796
m1784,0.6593577912070936,0.6370693803933386,,0.6366927175511087,,0.6916709484788026,,0.6571680304755887,0.6323609713980485,0.665335554396952,,0.6657690353721956,0.6373858295991897,0.664449900783483,0.6648522782733021,,,0.6780500912475476,0.6403031055669302,,,,,0.7022030772030088,0.6398643183570218,0.6912562563345502,,,,0.6455295846604387,,,,0.6384626923937478,,,,0.6527613672354419,0.6520192795270102,,,,,0.6931931717893228,,,,,,,0.633475059696462,0.650015419792066,,0.6578686098057871,,,0.6350729422788902,,,,0.6818007475037858,,,,,,,,,,,,,0.656126097846398,,,,,,,0.6674723180306067,,,,,0.6581294820947312,,,,,,,,,0.6522519060508216,,,,,
m1573,,,,,0.5291959792098222,,0.5159133893037796,,,,0.5113240197670291,,,,,,,,,,,0.5569061575794114,,,,,,,,,,0.5367530916668105,0.5067824457354234,0.5563626745783827,,,0.5285236867338566,,,,,0.5945555718656278,0.5131223784014991,,,,0.5152259244071962,,,,,0.5153832040930336,,,0.6159652982475339,0.5178774581168534,0.5154416575398494,,,,,0.5412732732800126,,0.5836647845639752,,,0.5247043114725984,,0.5154410400607458,,,,,,,,0.5367377059296783,,,,,,,0.5793215235038597,0.5486355922968565,,0.5095008198428179,0.5256746584165267,,,,0.5594724957633639,,0.5107126089488068,0.5275538978950227,,0.5055863585939862,0.5141652601414171,,0.6683230501012613
m1304,,0.7404064706371539,0.6912413315855443,,,0.734997024594453,,,,0.7138408245533215,,0.747872594498336,0.7027389531598832,0.703132130514824,0.7143066310382558,,0.7028420164032927,0.7500214017778213,0.7279994793922517,,,,,0.7399449958637865,0.7845868670614353,,,0.6950493127258439,0.7038482349607418,,,,0.6947551502499038,,,0.7152471843354385,,,0.752292248199334,,,,,0.7731556540140196,0.6926561387379186,,,,0.7124196060446584,0.7492035741615515,0.7666319709498659,0.6956841605183478,0.7237910895430071,0.7046326621340331,,,,0.71326536054124,,,,,,,,,,,,,,,,,,,,,,,,,,,,0.7010756591390412,,,,,0.7318804865183278,,,,,0.7421309646847,,,,
m3418,0.5747977098597298,,,,,,,,,0.563806521243731,,,0.5889615331418927,0.5506535746473846,,0.5871884960575493,,0.5551378798065106,,,0.5673436460798019,,0.5749759056647157,,,,,,,,,,,,,,,0.5553923875121252,,0.5746454124991829,,,,0.574010186060976,0.5660190166638521,,,0.5583295315399629,0.5512444010244829,,,,,,0.5607678002066229,,,,0.5626063623945486,0.603645303041793,0.5937844427910606,,0.5706568734318449,,0.588498930845719,0.5677978874773649,,,,,0.5627519252879933,0.5718003076576231,0.5638170261336574,0.5816954556808841,,0.5513457015307563,,,0.5649474668223994,,,,,,,0.579866265971785,0.5565926836952384,,,,,,0.5676132507721986,,,,,,,
m223,0.7002400224919287,0.671895186871751,0.6844007054402442,0.6535504968451129,,0.6576511521062487,,0.6633014719480307,,0.660212913627216,,0.6556979440717565,0.6473738320884024,0.6651285144050623,0.658933996617423,,0.6547504347592914,,0.6605283498873242,,,,0.6619456869351312,0.689896544871669,0.6716682025814926,,,0.7048959376276294,,,,,,,0.648949023301191,,,,0.714500258066437,,,,,0.6528186259527018,,,,,,,,,0.674659237319104,,,,,0.6761081138219178,,,0.6524069675537622,,0.6627491613635923,,,0.6753824693343872,,,,0.6867059022367747,,0.6863045976124963,,,,,,,,,,,,,,,,,,0.6497078280895361,0.65961688606083,,,,,,,,0.6797956727765911,
m380,,,,,0.6320868940060017,0.5938992581553239,0.645375176125388,0.5816598556137579,0.5901397119426144,,0.6198956865206801,0.5785949900290508,,,0.5881369209324024,,,,,,,,,,,0.5760690071231807,,,,,,0.6401643480518141,0.6299702720789054,,,,0.5961392773183161,,,,,0.6516844235317402,,,,,0.6012486545634415,,,,,0.6507038029322183,,0.605951591456537,0.6123860389266687,0.6231830300404784,0.6595347994744222,,0.5848708325523969,,,0.5766918049147034,,,,,,,0.5862405787362029,,,,,,0.5850830118931614,,,0.5864191843901402,,0.5793215235038597,,,,,0.5760184868900363,,,0.5767215694838103,,,,,,,,,,0.6188390357709123,0.5785574040866591,0.6511272402797754
m2706,0.6138183327057113,,,0.590355960617527,0.5886700001686099,0.6183219626382206,0.5978100382216708,0.6068126873230277,,0.5893838025199777,,0.5870363161607942,,0.592673385261084,0.6152444698403836,,,,,,,,,,,0.616565783952695,,0.5993664464116973,,,,0.5921822194839064,0.599054585567906,0.6225233982828426,,,,,,,0.5963567799355901,0.6081324763237645,,,,,,,,,,0.6345120886911664,0.6012836420196228,,,0.6168763260323982,0.6232539851960616,,,,0.5913368042373822,,,,,,0.6183391002544724,,0.5838038098056421,0.5832375545406827,,,,,,,0.6299063990696137,,,,,,0.6129583534206664,,,,,,,0.7149654094165356,,,,,0.6181598673599077,,,,,0.6470353527993971
m1225,0.7148520784666069,0.7238709770469004,0.7075735818049305,,,0.6841150016349038,,,,0.7010807151188034,,0.7392166551948851,0.7086143718026536,0.7218278075998256,,0.6826206483082715,0.7065789044769479,0.7474540493244441,0.6951039894147012,,,,,0.733566961472271,0.7527642578163024,,,0.6842474654039706,,0.6796329529713709,0.6751192109008385,,,,,0.7226853352254501,,0.6846758365617458,0.7370761240142205,,,,,0.7403550128655623,0.7111012209692822,,,,,0.719252248125434,0.714685898827004,,0.70828378426168,,,,,0.7009830329245019,,,0.676619024494849,,,,,,,,,,,,,,,,,,,,0.7010756591390412,,,,,,,,,,0.7442303360604777,,,,,0.7005509209892864,,,,
m1584,0.5760170934288976,,0.585991204672032,0.5903369274722647,,0.6171398899855202,0.5819596946403581,0.5831666338286902,0.5971261471197049,0.5915796684711625,,0.591486723567436,,0.5997473651717745,0.5968579453305117,,0.5994525103236997,0.576628545869157,0.5821373649265852,,0.5855148866442879,,,0.6129792999888115,,0.6119695228338646,,,0.5810599099472079,,,,0.590023169542362,0.5946357845411506,,,,,,,,,,,,,0.5892223465108981,,,,,,,0.6001492613172312,,0.5879820648071509,,,,,0.6028850173286721,,,,,0.582472003029402,,,0.5777338498081724,,,,0.6207970103510646,0.6033237422565916,,,,,0.6111521351932705,,,,,,,0.5811941247609993,,,,,,,,,,,,,,
m1527,0.5485941585373911,,,0.5530333817133821,,,0.5540124739417456,0.5951448230870302,,,0.5973786015582753,,,,0.5468825150219131,,0.5583437018804759,,0.5478217580528794,,,0.5533220075245224,,,,,,,0.5471948559293158,,,0.559858268467175,,0.5797847448895797,0.549567976139058,0.5679069866156661,0.565283808624375,,,,,0.5923446970173828,0.57266284178732,,,,0.6013085039247424,0.5590511334875246,,,,,,,,0.5818679361872845,,,,,,,,0.5511308719202692,,0.5962921691191203,0.5748588303574111,,,0.5546373879001523,,0.5782870548267852,0.5468718377262898,,,,,0.5665648945433867,,,,,0.5773159595108762,0.5767215694838103,,,,,,,,,,,,,,,,0.5885585853943146
m3481,0.6799612716131205,0.6697416096136215,0.6535786794019813,,,,,0.6273103937495903,,0.6501861161836211,,0.6390577260070283,0.6543249195552245,,,,0.6673527388058966,,0.6754020664932571,,,,0.7178055606779981,0.6462234204625468,0.6981504966974396,,,0.6439889877516559,,0.6348019962810613,,,,,,0.6698262001788733,,,0.6918372245025627,,,,,0.6255005546370447,,,,,,0.6825889624957882,0.6706149953862415,,0.6545820230639383,,,,,0.6454648537483504,,,,,,,0.6588961584392605,0.6551388291997899,,,,0.6522245474205143,,0.6575121890904481,,,,0.6487058496230468,,,,,0.6444779572943137,,0.639665524480056,,,0.6355853485118311,,,,,0.7118632068522145,,,,,,,,,
m1923,0.6601604352202106,,0.6405347815843985,,,0.6688413780423117,,0.6710145883506419,,0.6872216221533013,,0.6504710958229827,,0.6878775483336467,0.6472101654878948,,,,,,,,0.6304772233787282,0.6844444708597737,0.6360046236467634,0.6711686146258986,,0.6931063443892396,,,,,0.6489984524850925,0.6457052154342624,,,,0.6435748555956541,0.6748883829302463,,0.6623842202712469,,,,,,,,,0.6434839362221376,,0.658862852498314,0.6641475251657101,,,0.6328912058877091,,,,,0.6573111066259185,,,,,,,,,0.6491784496778685,,0.657826630620959,,,,0.6481281372952641,,,,,,,0.6497078280895361,,0.7149654094165356,,,,,,,,,,0.6312836750841136,0.6807463827591492,,,,
m750,0.7405434849414889,0.768041629540509,0.7363597201651936,,,0.7244000765083392,,,,0.731476370867313,,0.7636050602969624,0.8024205982789114,,,,0.7423617629320274,0.7750595879257298,0.7651575117479005,,,,0.7639259482538092,0.7615302181695229,0.8232798700766026,,,0.7620263414256143,,,,,,,,0.7752204026921987,,,0.7792738926979946,,,,,0.7828753153371284,,0.7750502627627531,,,,0.7940292902487578,0.8097335435187664,,0.7585594766091788,,,,,0.7903409407428041,0.7247718869828474,,,,,,0.7106693272897853,,,,,,,0.7106400664867037,,,,0.7340602212259763,,,,,0.7318804865183278,,,,,0.7442303360604777,,,0.7118632068522145,,,,,,,0.7138402334107659,,,,
m2699,,,,,0.4615596347514128,,,,,,0.46891095423923146,,,,,,,,,0.4522989101542777,,0.5129943754596724,,,,,,,,,,0.4983953744266353,,,,,0.48112824996954906,,,0.4491560820027448,,0.5152300957590596,0.48738618377741155,,,,0.4877548690221501,,,,,,,0.45123701895052065,0.519978566313405,,,,,,,0.4997658231960926,,0.535682255931571,,,0.4763054171562254,0.521438575492075,,,0.5020570594076114,,,,0.4543738853445899,,0.5438901974683188,0.4668099915960253,,0.5594724957633639,,0.50673116853704,,0.4767990855121666,0.49757297291451563,,,0.4570462625047501,,,,,0.5101823638243821,0.48334310618233906,,,0.4575525108282346,0.4743261355812804,,0.4678903219994792
m39,0.5462720794597463,,,,,,0.551346512418976,,0.5536868990625442,,,,0.5707029785591033,,,0.5730049940401087,,,0.5509219976547443,0.5512877975944716,0.5583033973420868,,,,,,,,,0.5771143134193912,,,0.5487105902241357,,,,,,,0.5954493803759398,,,0.580268607264355,,0.5571408644783448,,,0.5588525555713539,,,,,0.5462810864995428,,0.5934497127700539,,,,0.5741439864742909,0.5668239074400513,,,0.5570208544784759,,0.5921204147835787,,,0.5483796741724549,0.5736210227743714,0.6009200288223684,,,,,,0.5664056568176259,,,,,,0.5676132507721986,,,0.5759822369869186,0.5743401819847581,,,,0.547449647431771,,,,0.5590804061180527,,,0.5834159634331068,,,
m21,,,,,,,0.5520111668479651,,,,0.5756135632408033,,0.5769479837214457,0.5589670716348003,,,0.5626675543075091,,0.6011506203191759,,,,0.5850560396436677,,,,,0.5850925168242118,,,,,,,,,0.5536482864622285,,0.591168764068599,0.5509594054614382,0.5485360409692559,,0.5655634543109898,,,,,,,0.5460971896041354,0.5877554591524592,,0.560594770920989,,,0.5829567592186977,,,0.5585489274014528,,,,,,0.556412913296436,0.5948914525964469,0.5813592312230983,,,0.5509798842202248,0.5808234374762563,,,,,0.5549535958061385,,,0.5530388710314327,,0.5785806700351195,,,,,0.5676653070895789,,,0.5702246547984751,,,,0.5590804061180527,,,,,,0.5660823055846221,
m1393,0.6024139133368888,,,,0.6034230084134371,0.6306164292110625,0.6111533730329818,0.6388082073492125,0.6123218736580158,0.612397468728082,,,,0.6274440018263735,0.6207715280520127,,,,,,,,,0.6097172359577062,,0.6444279720363935,,0.6158794051772883,,,,,,0.640532448777853,,,,,,,,,,,,,,,0.6146470715143297,0.6072829550714143,,0.6378212077211219,0.6105826855325756,0.6122490695405456,,0.6227496278467859,0.6281350821024592,,,0.6223428660397169,0.6627541899696081,0.6176864923923914,,,,,,,,0.6168022130270274,,,0.622374304314363,0.6354187226752391,,,,,0.6522519060508216,,,,,,0.6181598673599077,,,,,0.6312836750841136,,,,,,0.6193016699179402,,,,
m2804,0.7093711482677383,0.723003726547817,0.6980829893712548,,,,,,,0.7233238615624663,,0.7404854415340472,0.7006838830374935,0.735154663409892,0.6979394107508987,,0.7350874684486477,0.725250032507624,0.6963908340513338,,,,,0.762857849379667,0.7545128537371653,0.7036104557034956,,0.7131279752303834,,0.7408291151586486,,,,,,,,0.7020598309491394,0.7422715892822431,,,,,0.7060771206931185,0.7103202560069903,,,,0.722987114851558,0.7173209667319466,,,0.7131236533161596,,,,,0.7387262841418085,0.7153087455774184,,0.6962823106586611,,,,,,,,,0.7040044516473041,,,,,,,,,,,0.7421309646847,,,,,0.7005509209892864,,,,,0.7138402334107659,,,,,,,,,
m588,,0.6286178714566908,0.633194701668826,0.6382991077436048,0.6216708119288675,0.6148691287967533,0.6372947009562483,,0.6607997179981325,,,0.6432130579972151,,0.6355930238333062,0.6251953225411534,0.6256004387306432,0.6294906355692692,0.6387623186136145,,,0.6303448526136384,,,0.6284315046952229,,0.6226442857742707,0.6223256532796366,,,0.7058744067108755,,,0.6260552247864122,,,,0.6253250389320393,,,,,,,,0.6425090697640613,,,0.7007914624642506,,,0.6142437654469559,0.6133698941710348,,0.6181054598924023,,0.6337660464623576,0.6163921408331655,,0.6928228523975477,,,,,,,,,,0.6181971756213788,,,,,,0.6282050996508725,,,,,,,,,,,,,,,,,,,,,,,,,
m2406,,,0.5901560449786741,,0.6280072265888862,,0.6092826248978995,,0.6563784484160925,,,0.629816348811451,,0.598267529197712,,,0.5933802079257251,,,,0.6113632563035666,,,,,0.6018105041277931,0.613548732430157,,0.5973685740305914,0.5939096281066271,,0.5915399425993855,0.6222622524404238,,0.5961862205653536,,0.5941610497439209,,,,,,,,,,0.5887508991144046,,,,,0.622710221741173,,0.5996301016863747,0.6068522800639022,0.6396643406230702,0.6319152371806195,,0.597416995617893,,,0.5990928841429436,,,,,,,,,,,0.5931457947892812,0.5894829626852901,0.6034742843898542,,,0.6090637649073305,,,,,,0.6188390357709123,,,,,,,,,,,,0.6218125409601071,,,,
m1220,,0.6781868924090907,0.6663703647740472,0.6470454411643254,,0.641293110858206,,,,0.6364682329054281,,0.6983677936962713,,0.6389222081363419,0.6656181670178757,,0.6467890000988271,,,,,,,0.6554709321971568,0.6651280702491207,,0.6857121984175399,0.6646075638662636,0.6578433394017386,,,,,,0.6471311492683041,0.6839887250226628,,,0.6522466283524297,,0.6700268047580789,,,0.6483332488164469,,,,,,0.6411453212342142,,0.6828813374283933,0.6783900391205837,0.6410097133103132,,0.6642070476482782,,0.6949814281926108,,,,,,,,,,,,0.6599934028230945,,,0.6454507603751463,,,,,,,,0.6720146481453784,,0.6797956727765911,,,,,,,,0.7004750388540093,,,,,,,,,
m733,,,,0.6004918952332853,0.622863739888817,0.5968901598118241,0.6129808741695779,0.6188385582916025,,,0.6192747506029398,,,0.6263327190541665,0.6265392181100553,,,,,,,0.5946215534301612,,,,0.6188789199983079,,,,,,0.5897937048132085,0.6429408988803433,0.6606003672713321,,,,,,,,0.6981807855785919,,,,,0.6137303587004285,,,,,0.6487968092145615,,0.606575711018304,0.6353360969191668,0.6577011410427953,0.6525553445960331,,0.5968235845310671,,0.595221681418853,,,,,,0.594014506592087,,,,,,,,,,,0.6017561524678796,,0.6683230501012613,,,,0.6511272402797754,0.6470353527993971,,,0.5885585853943146,,0.6149285946797235,,,,,,,0.5884549293759377,,,
